"","method","mu_built_in","mu_emp","mod","nc","nc_norm","nmi","mu_nominal"
"1","FG_cons_0.2",0.1293,0.109,0.8465,43,1.16216216216216,0.874,0.15
"2","IM_cons_0.2",0.1293,0.1402,0.8225,89,2.40540540540541,0.849,0.15
"3","LP_cons_0.2",0.1293,0.1327,0.8172,61,1.64864864864865,0.845,0.15
"4","ML_cons_0.2",0.1293,0.1109,0.8393,40,1.08108108108108,0.825,0.15
"5","WT_cons_0.2",0.1293,0.1491,0.8106,102,2.75675675675676,0.827,0.15
"6","LV_cons_0.2",0.1293,0.109,0.8392,39,1.05405405405405,0.816,0.15
