"","method","mu_built_in","mu_emp","mod","nc","nc_norm","nmi","mu_nominal"
"1","FG_cons_0.2",0.7129,0.3933,0.5314,21,0.567567567567568,0.155,0.6
"2","IM_cons_0.2",0.7129,0.529,0.4579,126,3.40540540540541,0.391,0.6
"3","LP_cons_0.2",0.7129,0.0015,0.0088,7,0.189189189189189,0.011,0.6
"4","ML_cons_0.2",0.7129,0.4474,0.4975,41,1.10810810810811,0.233,0.6
"5","WT_cons_0.2",0.7129,0.558,0.3919,231,6.24324324324324,0.413,0.6
"6","LV_cons_0.2",0.7129,0.4415,0.499,40,1.08108108108108,0.225,0.6
