"","method","mu_built_in","mu_emp","mod","nc","nc_norm","nmi","mu_nominal"
"1","FG_cons_0.2",0.4495,0.3382,0.5949,25,0.675675675675676,0.395,0.45
"2","IM_cons_0.2",0.4495,0.4294,0.5502,115,3.10810810810811,0.594,0.45
"3","LP_cons_0.2",0.4495,0.4314,0.5211,74,2,0.556,0.45
"4","ML_cons_0.2",0.4495,0.3529,0.5844,33,0.891891891891892,0.429,0.45
"5","WT_cons_0.2",0.4495,0.4451,0.5133,156,4.21621621621622,0.551,0.45
"6","LV_cons_0.2",0.4495,0.348,0.5861,31,0.837837837837838,0.415,0.45
