"","method","mu_built_in","mu_emp","mod","nc","nc_norm","nmi","mu_nominal"
"1","FG_cons_0.2",0.6014,0.3554,0.5626,24,0.648648648648649,0.247,0.5
"2","IM_cons_0.2",0.6014,0.4779,0.5042,120,3.24324324324324,0.459,0.5
"3","LP_cons_0.2",0.6014,0.438,0.4448,34,0.918918918918919,0.228,0.5
"4","ML_cons_0.2",0.6014,0.3933,0.5299,29,0.783783783783784,0.262,0.5
"5","WT_cons_0.2",0.6014,0.4346,0.4473,145,3.91891891891892,0.411,0.5
"6","LV_cons_0.2",0.6014,0.402,0.5272,30,0.810810810810811,0.258,0.5
