"","method","mu_built_in","mu_emp","mod","nc","nc_norm","nmi","mu_nominal"
"1","FG_cons_0.2",0.3221,0.25,0.6895,31,0.837837837837838,0.602,0.3
"2","IM_cons_0.2",0.3221,0.3121,0.6584,101,2.72972972972973,0.703,0.3
"3","LP_cons_0.2",0.3221,0.2952,0.6514,60,1.62162162162162,0.642,0.3
"4","ML_cons_0.2",0.3221,0.2614,0.6815,31,0.837837837837838,0.581,0.3
"5","WT_cons_0.2",0.3221,0.3236,0.6292,116,3.13513513513514,0.65,0.3
"6","LV_cons_0.2",0.3221,0.2589,0.6803,32,0.864864864864865,0.577,0.3
