"","method","mu_built_in","mu_emp","mod","nc","nc_norm","nmi","mu_nominal"
"1","FG_cons_0.2",0.6699,0.3923,0.5366,19,0.513513513513513,0.191,0.55
"2","IM_cons_0.2",0.6699,0.5078,0.4777,117,3.16216216216216,0.417,0.55
"3","LP_cons_0.2",0.6699,0.001,0.0029,3,0.0810810810810811,0.004,0.55
"4","ML_cons_0.2",0.6699,0.4202,0.5145,29,0.783783783783784,0.212,0.55
"5","WT_cons_0.2",0.6699,0.4765,0.3954,188,5.08108108108108,0.402,0.55
"6","LV_cons_0.2",0.6699,0.4192,0.5154,30,0.810810810810811,0.21,0.55
